"Country","Agroclimatic Zone","Latitude","Longitude","pH Level (0-30cm)","Organic Carbon (g/kg)","Total Nitrogen (g/kg)","CEC Capacity (cmol/kg)","Texture Class (USDA)","WRB Soil Taxonomy","Sand Ratio (%)","Silt Ratio (%)","Clay Ratio (%)","Bulk Density (g/cm³)","Coarse Fragments (%)","Carbon Density (kg/m³)","Carbon Stocks (t/ha)","Data Source"
"Afghanistan","Northern Warm Semi-Arid Plains Zone",36.5,66.75,7.93,4.6,,,"Loamy Soil","Regosols",,,,1.45,7.6,,
"Afghanistan","Northern Warm Semi-Arid Plains Zone",36.5,66.75,7.93,4.6,,,"Loamy Soil","Regosols",,,,1.45,7.6,,
"Afghanistan","North-Eastern Cool Semi-Arid Foothills Zone",36.5,69.5,7.77,11.37,,,"Clay Loam","Calcisols",,,,1.36,22.3,,
"Afghanistan","Central Highland Alpine Cold Zone",34.5,66,7.63,13.73,,,"Clay Loam","Regosols",,,,1.3,26.4,,
"Afghanistan","Eastern Warm Sub-Humid Zone",34.5,70.5,8,5.67,,,"Loamy Soil","Regosols",,,,1.46,22.1,,
"Afghanistan","Southern Arid Lowland & Basin Zone",31.25,65.25,7.87,1.4,,,"Loamy Soil","Gypsisols",,,,1.45,12.5,,
"Afghanistan","Western Dry Semi-Arid & Riverine Zone",34,62.25,7.97,3.87,,,"Loamy Soil","Regosols",,,,1.43,18.7,,
"Algeria","The Tell Region",36.35,4.75,7.23,22.53,,,"Clay Loam","Luvisols",,,,1.39,20.1,,
"Algeria","The High Plains (Steppe) Region",34.75,3,7.77,11.07,,,"Loamy Soil","Calcisols",,,,1.5,4.9,,
"Algeria","The Sahara Region",26,2,8.3,3.53,,,"Loamy Soil","Leptosols",,,,1.38,30.3,,
"Angola","Coastal Belt Zone",-11.5,12.75,,,,,"N/A","N/A",,,,,,,
"Angola","Northern Transition & Dense Forest Zone",-6.25,15,5.3,21.87,,,"Clay Loam","Ferralsols",,,,1.28,5.5,,
"Angola","Central High Plateau / Huambo Plateau Zone",-12.5,16,5.63,13,,,"Sandy Loam","Ferralsols",,,,1.23,6.2,,
"Angola","Eastern Savanna & Cassava Belt Zone",-10.5,21,5.5,11.73,,,"Loamy Sand","Ferralsols",,,,1.29,2.6,,
"Angola","Southern Agropastoral Zone",-15.5,14,6.23,9.57,,,"Sandy Clay Loam","Arenosols",,,,1.36,2.4,,
